term,horizon_days,body,extension,train_cases,validation_cases,test_cases,nonoverlap_cases,validation_skill,test_skill,test_rmse_logreturn,baseline_rmse,zero_return_rmse,nonoverlap_mean_loss_gain,p,ci_low,ci_high,holm_p,validation_rank,supported
short,7,Sun,False,1819,1089,1275,183,-0.014757600120834269,0.012483637577889284,0.07686613009059823,0.07735045388469498,0.07450624569654542,0.00015283902259217972,0.045,2.5423808392966346e-07,0.0003259317422083265,1.0,3,False
short,7,Mercury,False,1819,1089,1275,183,-0.010350667446407336,-0.05898467882321601,0.07959901706931459,0.07735045388469498,0.07450624569654542,-0.0003245508700812602,0.893,-0.0008721559447575395,8.956902133175788e-05,1.0,2,False
short,7,Venus,False,1819,1089,1275,183,-0.039374948977158875,-0.017488178394248655,0.07802388165772071,0.07735045388469498,0.07450624569654542,-0.00011726821696583602,0.7225,-0.0005254533361415189,0.00028967981080606307,1.0,4,False
short,7,Mars,False,1819,1089,1275,183,-0.32730796671833184,-0.11608250549931398,0.08171673702061188,0.07735045388469498,0.07450624569654542,-0.000681448170371648,0.978,-0.00134333288368729,-6.076219503425363e-05,1.0,6,False
short,7,Jupiter,False,1819,1089,1275,183,-1.9953622075845927,-0.5301910157406673,0.09568319978253338,0.07735045388469498,0.07450624569654542,-0.0032130853265727437,1.0,-0.0041534419743424825,-0.0023218317638699255,1.0,8,False
short,7,Saturn,False,1819,1089,1275,183,-2.712137016632401,0.06720043352951632,0.07470626675048433,0.07735045388469498,0.07450624569654542,0.000447796398717918,0.089,-0.00014892712720689417,0.001105123531319742,1.0,9,False
short,7,Uranus,False,1819,1089,1275,183,-0.2706927517368314,-0.07745012225772396,0.08028999924346032,0.07735045388469498,0.07450624569654542,-0.00034166883505752833,0.796,-0.0012007344319919179,0.0005113574795437931,1.0,5,False
short,7,Neptune,False,1819,1089,1275,183,-0.9510226209533361,-0.013024089386918236,0.07785253400188025,0.07735045388469498,0.07450624569654542,-0.00015049813365606714,0.695,-0.0008495641658877477,0.00046670981587378026,1.0,7,False
short,7,Pluto,False,1819,1089,1275,183,-3.133146750151554,-0.0034418144883585633,0.07748345250028567,0.07735045388469498,0.07450624569654542,3.9217407497947665e-05,0.4075,-0.00028921446878812327,0.0004026718859906014,1.0,10,False
short,7,Moon,True,1819,1089,1275,183,0.006215065393078256,-0.00969797017151186,0.07772462010755096,0.07735045388469498,0.07450624569654542,-9.692706635926456e-05,0.842,-0.00028129021104612525,0.00010536894879449924,1.0,1,False
intermediate,90,Sun,False,1736,1006,1192,14,-0.004629109944022769,0.0021992624726941967,0.43982651945490736,0.440310965649133,0.2973176421147543,-0.007242713865000521,,,,1.0,2,False
intermediate,90,Mercury,False,1736,1006,1192,14,-0.027144602390401618,0.0005408793001450141,0.4401918719996592,0.440310965649133,0.2973176421147543,-0.014534672106243299,,,,1.0,3,False
intermediate,90,Venus,False,1736,1006,1192,14,-0.29034878791727925,-0.007653900105418554,0.4419928017054388,0.440310965649133,0.2973176421147543,0.013628449579863292,,,,1.0,4,False
intermediate,90,Mars,False,1736,1006,1192,14,-2.3149221167462817,-0.3736344526192803,0.5160539289752238,0.440310965649133,0.2973176421147543,-0.04822449310624825,,,,1.0,5,False
intermediate,90,Jupiter,False,1736,1006,1192,14,-11.51486832567769,-8.5664257029828,1.3618659226856809,0.440310965649133,0.2973176421147543,-1.6775849803231753,,,,1.0,9,False
intermediate,90,Saturn,False,1736,1006,1192,14,-20.18838077753356,0.6054048083919303,0.2765893131276913,0.440310965649133,0.2973176421147543,0.11695899093548542,,,,1.0,10,False
intermediate,90,Uranus,False,1736,1006,1192,14,-9.774561990622715,-0.8155923112249508,0.5932922411770531,0.440310965649133,0.2973176421147543,-0.2407140951532047,,,,1.0,8,False
intermediate,90,Neptune,False,1736,1006,1192,14,-5.0383165343464045,-0.3100771794433568,0.5039737800170525,0.440310965649133,0.2973176421147543,0.018684366057679397,,,,1.0,7,False
intermediate,90,Pluto,False,1736,1006,1192,14,-2.426432999210682,-0.20559572678140792,0.48345978145072765,0.440310965649133,0.2973176421147543,0.054873593870613316,,,,1.0,6,False
intermediate,90,Moon,True,1736,1006,1192,14,-0.004067685717942027,-0.003916947101105128,0.4411724602466608,0.440310965649133,0.2973176421147543,0.011548344362856558,,,,1.0,1,False
long,365,Sun,False,1461,731,917,3,-0.012943016810223806,0.002543200149293323,1.27604076047391,1.2776664755473126,0.6645992526812168,0.01625311057659336,,,,1.0,9,False
long,365,Mercury,False,1461,731,917,3,-0.006247883138241761,-0.016399917309960488,1.2881006817654244,1.2776664755473126,0.6645992526812168,-0.2196264706966544,,,,1.0,8,False
long,365,Venus,False,1461,731,917,3,0.06355196055560508,0.1512851831277232,1.1770594316975518,1.2776664755473126,0.6645992526812168,-0.23520816451833748,,,,1.0,6,False
long,365,Mars,False,1461,731,917,3,-0.3006196592255832,0.2589485760240433,1.0998708008548093,1.2776664755473126,0.6645992526812168,0.7754118955320735,,,,1.0,10,False
long,365,Jupiter,False,1461,731,917,3,0.319092175020101,-17.01879352879067,5.4235088605049375,1.2776664755473126,0.6645992526812168,-21.75375209090326,,,,1.0,5,False
long,365,Saturn,False,1461,731,917,3,0.8675602732885423,0.6580994875188787,0.7470804564465174,1.2776664755473126,0.6645992526812168,1.9071097650488815,,,,1.0,1,False
long,365,Uranus,False,1461,731,917,3,0.4790119348293058,-0.6316976894411614,1.632064614833448,1.2776664755473126,0.6645992526812168,-0.7631821423389393,,,,1.0,4,False
long,365,Neptune,False,1461,731,917,3,0.7085142359689776,-7.080514830399526,3.631926202050843,1.2776664755473126,0.6645992526812168,-6.249487810796631,,,,1.0,2,False
long,365,Pluto,False,1461,731,917,3,0.5668878796839554,-26.51989868420647,6.702563156482043,1.2776664755473126,0.6645992526812168,-24.075622395104904,,,,1.0,3,False
long,365,Moon,True,1461,731,917,3,0.0032413922898679726,-0.002085935128725902,1.2789983460523326,1.2776664755473126,0.6645992526812168,-0.061747498235542486,,,,1.0,7,False
