term,timestamp,close,confirmed_at,retrospective
short,2010-07-26 00:00:00+00:00,0.0505,2010-08-02 00:00:00+00:00,True
short,2010-07-30 00:00:00+00:00,0.0699,2010-08-06 00:00:00+00:00,True
short,2010-08-05 00:00:00+00:00,0.057,2010-08-12 00:00:00+00:00,True
short,2010-08-10 00:00:00+00:00,0.0709999999999999,2010-08-17 00:00:00+00:00,True
short,2010-08-18 00:00:00+00:00,0.07,2010-08-25 00:00:00+00:00,True
short,2010-08-31 00:00:00+00:00,0.065,2010-09-07 00:00:00+00:00,True
short,2010-09-01 00:00:00+00:00,0.0599999999999999,2010-09-08 00:00:00+00:00,True
short,2010-09-12 00:00:00+00:00,0.0637,2010-09-19 00:00:00+00:00,True
short,2010-09-18 00:00:00+00:00,0.0589999999999999,2010-09-25 00:00:00+00:00,True
short,2010-09-20 00:00:00+00:00,0.0627,2010-09-27 00:00:00+00:00,True
short,2010-09-22 00:00:00+00:00,0.0627,2010-09-29 00:00:00+00:00,True
short,2010-10-04 00:00:00+00:00,0.0611,2010-10-11 00:00:00+00:00,True
short,2010-10-14 00:00:00+00:00,0.105,2010-10-21 00:00:00+00:00,True
short,2010-11-07 00:00:00+00:00,0.39,2010-11-14 00:00:00+00:00,True
short,2010-11-23 00:00:00+00:00,0.2878999999999999,2010-11-30 00:00:00+00:00,True
short,2010-12-06 00:00:00+00:00,0.19,2010-12-13 00:00:00+00:00,True
short,2010-12-21 00:00:00+00:00,0.267,2010-12-28 00:00:00+00:00,True
short,2010-12-30 00:00:00+00:00,0.2999999999999999,2011-01-06 00:00:00+00:00,True
short,2010-12-31 00:00:00+00:00,0.2999999999999999,2011-01-07 00:00:00+00:00,True
short,2011-01-19 00:00:00+00:00,0.313,2011-01-26 00:00:00+00:00,True
short,2011-01-20 00:00:00+00:00,0.313,2011-01-27 00:00:00+00:00,True
short,2011-02-10 00:00:00+00:00,1.09,2011-02-17 00:00:00+00:00,True
short,2011-02-22 00:00:00+00:00,0.8345,2011-03-01 00:00:00+00:00,True
short,2011-03-21 00:00:00+00:00,0.7410999999999999,2011-03-28 00:00:00+00:00,True
short,2011-03-26 00:00:00+00:00,0.8838,2011-04-02 00:00:00+00:00,True
short,2011-04-05 00:00:00+00:00,0.68,2011-04-12 00:00:00+00:00,True
short,2011-05-14 00:00:00+00:00,8.198,2011-05-21 00:00:00+00:00,True
short,2011-05-21 00:00:00+00:00,5.5904,2011-05-28 00:00:00+00:00,True
short,2011-06-09 00:00:00+00:00,29.6,2011-06-16 00:00:00+00:00,True
short,2011-06-12 00:00:00+00:00,14.6511,2011-06-19 00:00:00+00:00,True
short,2011-06-24 00:00:00+00:00,17.51,2011-07-01 00:00:00+00:00,True
short,2011-06-25 00:00:00+00:00,17.51,2011-07-02 00:00:00+00:00,True
short,2011-06-26 00:00:00+00:00,17.51,2011-07-03 00:00:00+00:00,True
short,2011-07-06 00:00:00+00:00,12.9069,2011-07-13 00:00:00+00:00,True
short,2011-07-18 00:00:00+00:00,13.16,2011-07-25 00:00:00+00:00,True
short,2011-07-26 00:00:00+00:00,14.0478,2011-08-02 00:00:00+00:00,True
short,2011-08-07 00:00:00+00:00,6.55,2011-08-14 00:00:00+00:00,True
short,2011-08-20 00:00:00+00:00,11.65,2011-08-27 00:00:00+00:00,True
short,2011-08-27 00:00:00+00:00,8.179399999999998,2011-09-03 00:00:00+00:00,True
short,2011-09-18 00:00:00+00:00,4.77,2011-09-25 00:00:00+00:00,True
short,2011-09-21 00:00:00+00:00,6.1119,2011-09-28 00:00:00+00:00,True
short,2011-09-29 00:00:00+00:00,4.7725,2011-10-06 00:00:00+00:00,True
short,2011-10-20 00:00:00+00:00,2.27,2011-10-27 00:00:00+00:00,True
short,2011-10-30 00:00:00+00:00,3.5811,2011-11-06 00:00:00+00:00,True
short,2011-11-19 00:00:00+00:00,2.05,2011-11-26 00:00:00+00:00,True
short,2011-12-03 00:00:00+00:00,3.1151,2011-12-10 00:00:00+00:00,True
short,2011-12-12 00:00:00+00:00,3.2511,2011-12-19 00:00:00+00:00,True
short,2012-01-09 00:00:00+00:00,7.1136,2012-01-16 00:00:00+00:00,True
short,2012-01-18 00:00:00+00:00,5.6,2012-01-25 00:00:00+00:00,True
short,2012-01-28 00:00:00+00:00,5.292,2012-02-04 00:00:00+00:00,True
short,2012-02-03 00:00:00+00:00,6.1,2012-02-10 00:00:00+00:00,True
short,2012-02-19 00:00:00+00:00,4.222,2012-02-26 00:00:00+00:00,True
short,2012-02-25 00:00:00+00:00,5.0288,2012-03-03 00:00:00+00:00,True
short,2012-03-04 00:00:00+00:00,4.6144,2012-03-11 00:00:00+00:00,True
short,2012-03-15 00:00:00+00:00,5.38,2012-03-22 00:00:00+00:00,True
short,2012-03-26 00:00:00+00:00,4.55,2012-04-02 00:00:00+00:00,True
short,2012-04-03 00:00:00+00:00,4.974,2012-04-10 00:00:00+00:00,True
short,2012-04-08 00:00:00+00:00,4.6872,2012-04-15 00:00:00+00:00,True
short,2012-04-21 00:00:00+00:00,5.35,2012-04-28 00:00:00+00:00,True
short,2012-04-30 00:00:00+00:00,4.9044,2012-05-07 00:00:00+00:00,True
short,2012-05-04 00:00:00+00:00,5.1344,2012-05-11 00:00:00+00:00,True
short,2012-05-11 00:00:00+00:00,4.85,2012-05-18 00:00:00+00:00,True
short,2012-06-22 00:00:00+00:00,6.6801,2012-06-29 00:00:00+00:00,True
short,2012-06-26 00:00:00+00:00,6.3048,2012-07-03 00:00:00+00:00,True
short,2012-07-19 00:00:00+00:00,9.109800000000002,2012-07-26 00:00:00+00:00,True
short,2012-08-17 00:00:00+00:00,13.5,2012-08-24 00:00:00+00:00,True
short,2012-08-20 00:00:00+00:00,8.0,2012-08-27 00:00:00+00:00,True
short,2012-08-28 00:00:00+00:00,10.95,2012-09-04 00:00:00+00:00,True
short,2012-09-02 00:00:00+00:00,9.9654,2012-09-09 00:00:00+00:00,True
short,2012-09-20 00:00:00+00:00,12.5725,2012-09-27 00:00:00+00:00,True
short,2012-10-04 00:00:00+00:00,12.89,2012-10-11 00:00:00+00:00,True
short,2012-10-27 00:00:00+00:00,10.1706,2012-11-03 00:00:00+00:00,True
short,2012-12-14 00:00:00+00:00,13.7001,2012-12-21 00:00:00+00:00,True
short,2012-12-18 00:00:00+00:00,13.2501,2012-12-25 00:00:00+00:00,True
short,2013-01-03 00:00:00+00:00,13.28,2013-01-10 00:00:00+00:00,True
short,2013-04-10 00:00:00+00:00,230.0,2013-04-17 00:00:00+00:00,True
short,2013-04-17 00:00:00+00:00,68.3557,2013-04-24 00:00:00+00:00,True
short,2013-04-25 00:00:00+00:00,154.2,2013-05-02 00:00:00+00:00,True
short,2013-05-04 00:00:00+00:00,97.75,2013-05-11 00:00:00+00:00,True
short,2013-05-15 00:00:00+00:00,111.5,2013-05-22 00:00:00+00:00,True
short,2013-05-27 00:00:00+00:00,133.48,2013-06-03 00:00:00+00:00,True
short,2013-06-17 00:00:00+00:00,99.51,2013-06-24 00:00:00+00:00,True
short,2013-06-21 00:00:00+00:00,110.15,2013-06-28 00:00:00+00:00,True
short,2013-07-06 00:00:00+00:00,68.431,2013-07-13 00:00:00+00:00,True
short,2013-07-18 00:00:00+00:00,98.5,2013-07-25 00:00:00+00:00,True
short,2013-07-21 00:00:00+00:00,89.3901,2013-07-28 00:00:00+00:00,True
short,2013-07-31 00:00:00+00:00,107.99,2013-08-07 00:00:00+00:00,True
short,2013-08-10 00:00:00+00:00,102.8,2013-08-17 00:00:00+00:00,True
short,2013-09-02 00:00:00+00:00,138.34,2013-09-09 00:00:00+00:00,True
short,2013-09-07 00:00:00+00:00,119.15,2013-09-14 00:00:00+00:00,True
short,2013-09-12 00:00:00+00:00,135.25,2013-09-19 00:00:00+00:00,True
short,2013-09-24 00:00:00+00:00,125.95,2013-10-01 00:00:00+00:00,True
short,2013-09-30 00:00:00+00:00,137.34,2013-10-07 00:00:00+00:00,True
short,2013-10-03 00:00:00+00:00,114.13,2013-10-10 00:00:00+00:00,True
short,2013-10-24 00:00:00+00:00,213.62,2013-10-31 00:00:00+00:00,True
short,2013-12-05 00:00:00+00:00,1151.17,2013-12-12 00:00:00+00:00,True
short,2013-12-08 00:00:00+00:00,698.23,2013-12-15 00:00:00+00:00,True
short,2013-12-19 00:00:00+00:00,522.7,2013-12-26 00:00:00+00:00,True
short,2014-01-07 00:00:00+00:00,953.29,2014-01-14 00:00:00+00:00,True
short,2014-01-27 00:00:00+00:00,885.2799999999999,2014-02-03 00:00:00+00:00,True
short,2014-01-28 00:00:00+00:00,771.39,2014-02-04 00:00:00+00:00,True
short,2014-02-26 00:00:00+00:00,538.71,2014-03-05 00:00:00+00:00,True
short,2014-03-04 00:00:00+00:00,667.76,2014-03-11 00:00:00+00:00,True
short,2014-04-03 00:00:00+00:00,437.14,2014-04-10 00:00:00+00:00,True
short,2014-04-11 00:00:00+00:00,365.176,2014-04-18 00:00:00+00:00,True
short,2014-04-17 00:00:00+00:00,527.395,2014-04-24 00:00:00+00:00,True
short,2014-04-28 00:00:00+00:00,436.39,2014-05-05 00:00:00+00:00,True
short,2014-05-07 00:00:00+00:00,428.962,2014-05-14 00:00:00+00:00,True
short,2014-05-11 00:00:00+00:00,454.433,2014-05-18 00:00:00+00:00,True
short,2014-06-04 00:00:00+00:00,667.605,2014-06-11 00:00:00+00:00,True
short,2014-06-15 00:00:00+00:00,577.358,2014-06-22 00:00:00+00:00,True
short,2014-06-26 00:00:00+00:00,566.336,2014-07-03 00:00:00+00:00,True
short,2014-07-03 00:00:00+00:00,650.879,2014-07-10 00:00:00+00:00,True
short,2014-07-11 00:00:00+00:00,616.838,2014-07-18 00:00:00+00:00,True
short,2014-07-31 00:00:00+00:00,566.849,2014-08-07 00:00:00+00:00,True
short,2014-08-19 00:00:00+00:00,461.424,2014-08-26 00:00:00+00:00,True
short,2014-09-09 00:00:00+00:00,474.789,2014-09-16 00:00:00+00:00,True
short,2014-09-20 00:00:00+00:00,394.709,2014-09-27 00:00:00+00:00,True
short,2014-10-06 00:00:00+00:00,321.77,2014-10-13 00:00:00+00:00,True
short,2014-10-15 00:00:00+00:00,401.361,2014-10-22 00:00:00+00:00,True
short,2014-11-02 00:00:00+00:00,324.768,2014-11-09 00:00:00+00:00,True
short,2014-11-13 00:00:00+00:00,421.391,2014-11-20 00:00:00+00:00,True
short,2014-11-22 00:00:00+00:00,351.329,2014-11-29 00:00:00+00:00,True
short,2014-12-03 00:00:00+00:00,381.711,2014-12-10 00:00:00+00:00,True
short,2014-12-19 00:00:00+00:00,311.629,2014-12-26 00:00:00+00:00,True
short,2014-12-24 00:00:00+00:00,334.702,2014-12-31 00:00:00+00:00,True
short,2015-01-05 00:00:00+00:00,264.201,2015-01-12 00:00:00+00:00,True
short,2015-01-15 00:00:00+00:00,178.795,2015-01-22 00:00:00+00:00,True
short,2015-01-27 00:00:00+00:00,273.388,2015-02-03 00:00:00+00:00,True
short,2015-02-06 00:00:00+00:00,216.969,2015-02-13 00:00:00+00:00,True
short,2015-02-15 00:00:00+00:00,257.747,2015-02-22 00:00:00+00:00,True
short,2015-03-12 00:00:00+00:00,296.468,2015-03-19 00:00:00+00:00,True
short,2015-03-30 00:00:00+00:00,242.637,2015-04-06 00:00:00+00:00,True
short,2015-04-06 00:00:00+00:00,260.451,2015-04-13 00:00:00+00:00,True
short,2015-04-15 00:00:00+00:00,219.163,2015-04-22 00:00:00+00:00,True
short,2015-04-24 00:00:00+00:00,236.475,2015-05-01 00:00:00+00:00,True
short,2015-04-27 00:00:00+00:00,219.391,2015-05-04 00:00:00+00:00,True
short,2015-05-09 00:00:00+00:00,243.94,2015-05-16 00:00:00+00:00,True
short,2015-05-20 00:00:00+00:00,231.936,2015-05-27 00:00:00+00:00,True
short,2015-05-25 00:00:00+00:00,240.95,2015-06-01 00:00:00+00:00,True
short,2015-06-02 00:00:00+00:00,222.926,2015-06-09 00:00:00+00:00,True
short,2015-06-17 00:00:00+00:00,250.431,2015-06-24 00:00:00+00:00,True
short,2015-06-25 00:00:00+00:00,240.525,2015-07-02 00:00:00+00:00,True
short,2015-07-13 00:00:00+00:00,311.024,2015-07-20 00:00:00+00:00,True
short,2015-07-20 00:00:00+00:00,273.469,2015-07-27 00:00:00+00:00,True
short,2015-07-29 00:00:00+00:00,294.411,2015-08-05 00:00:00+00:00,True
short,2015-08-09 00:00:00+00:00,260.769,2015-08-16 00:00:00+00:00,True
short,2015-08-25 00:00:00+00:00,211.394,2015-09-01 00:00:00+00:00,True
short,2015-09-09 00:00:00+00:00,243.618,2015-09-16 00:00:00+00:00,True
short,2015-09-22 00:00:00+00:00,226.888,2015-09-29 00:00:00+00:00,True
short,2015-11-05 00:00:00+00:00,408.892,2015-11-12 00:00:00+00:00,True
short,2015-11-12 00:00:00+00:00,310.995,2015-11-19 00:00:00+00:00,True
short,2015-11-25 00:00:00+00:00,320.041,2015-12-02 00:00:00+00:00,True
short,2015-12-16 00:00:00+00:00,464.106,2015-12-23 00:00:00+00:00,True
short,2015-12-27 00:00:00+00:00,417.869,2016-01-03 00:00:00+00:00,True
short,2016-01-08 00:00:00+00:00,458.655,2016-01-15 00:00:00+00:00,True
short,2016-01-16 00:00:00+00:00,365.662,2016-01-23 00:00:00+00:00,True
short,2016-02-01 00:00:00+00:00,368.661,2016-02-08 00:00:00+00:00,True
short,2016-02-05 00:00:00+00:00,389.588,2016-02-12 00:00:00+00:00,True
short,2016-02-22 00:00:00+00:00,438.674,2016-02-29 00:00:00+00:00,True
short,2016-03-01 00:00:00+00:00,438.156,2016-03-08 00:00:00+00:00,True
short,2016-03-06 00:00:00+00:00,400.845,2016-03-13 00:00:00+00:00,True
short,2016-03-12 00:00:00+00:00,421.572,2016-03-19 00:00:00+00:00,True
short,2016-03-19 00:00:00+00:00,409.636,2016-03-26 00:00:00+00:00,True
short,2016-03-28 00:00:00+00:00,426.819,2016-04-04 00:00:00+00:00,True
short,2016-03-31 00:00:00+00:00,414.867,2016-04-07 00:00:00+00:00,True
short,2016-04-10 00:00:00+00:00,419.342,2016-04-17 00:00:00+00:00,True
short,2016-04-27 00:00:00+00:00,466.176,2016-05-04 00:00:00+00:00,True
short,2016-05-10 00:00:00+00:00,460.451,2016-05-17 00:00:00+00:00,True
short,2016-05-23 00:00:00+00:00,439.442,2016-05-30 00:00:00+00:00,True
short,2016-06-17 00:00:00+00:00,766.15,2016-06-24 00:00:00+00:00,True
short,2016-06-23 00:00:00+00:00,588.221,2016-06-30 00:00:00+00:00,True
short,2016-07-03 00:00:00+00:00,703.288,2016-07-10 00:00:00+00:00,True
short,2016-07-08 00:00:00+00:00,639.667,2016-07-15 00:00:00+00:00,True
short,2016-07-18 00:00:00+00:00,678.84,2016-07-25 00:00:00+00:00,True
short,2016-07-23 00:00:00+00:00,650.521,2016-07-30 00:00:00+00:00,True
short,2016-08-03 00:00:00+00:00,543.942,2016-08-10 00:00:00+00:00,True
short,2016-08-16 00:00:00+00:00,567.112,2016-08-23 00:00:00+00:00,True
short,2016-08-23 00:00:00+00:00,586.839,2016-08-30 00:00:00+00:00,True
short,2016-08-28 00:00:00+00:00,570.164,2016-09-04 00:00:00+00:00,True
short,2016-09-09 00:00:00+00:00,626.433,2016-09-16 00:00:00+00:00,True
short,2016-09-23 00:00:00+00:00,596.248,2016-09-30 00:00:00+00:00,True
short,2016-10-12 00:00:00+00:00,641.512,2016-10-19 00:00:00+00:00,True
short,2016-10-20 00:00:00+00:00,630.547,2016-10-27 00:00:00+00:00,True
short,2016-11-03 00:00:00+00:00,739.182,2016-11-10 00:00:00+00:00,True
short,2016-11-14 00:00:00+00:00,702.087,2016-11-21 00:00:00+00:00,True
short,2016-11-19 00:00:00+00:00,751.778,2016-11-26 00:00:00+00:00,True
short,2016-12-03 00:00:00+00:00,777.7089999999998,2016-12-10 00:00:00+00:00,True
short,2017-01-05 00:00:00+00:00,1153.54,2017-01-12 00:00:00+00:00,True
short,2017-01-12 00:00:00+00:00,778.8859999999999,2017-01-19 00:00:00+00:00,True
short,2017-01-23 00:00:00+00:00,923.612,2017-01-30 00:00:00+00:00,True
short,2017-02-09 00:00:00+00:00,1062.99,2017-02-16 00:00:00+00:00,True
short,2017-02-11 00:00:00+00:00,989.841,2017-02-18 00:00:00+00:00,True
short,2017-03-04 00:00:00+00:00,1275.14,2017-03-11 00:00:00+00:00,True
short,2017-03-16 00:00:00+00:00,1249.56,2017-03-23 00:00:00+00:00,True
short,2017-03-25 00:00:00+00:00,935.192,2017-04-01 00:00:00+00:00,True
short,2017-04-15 00:00:00+00:00,1167.81,2017-04-22 00:00:00+00:00,True
short,2017-05-25 00:00:00+00:00,2447.51,2017-06-01 00:00:00+00:00,True
short,2017-05-28 00:00:00+00:00,2027.72,2017-06-04 00:00:00+00:00,True
short,2017-06-12 00:00:00+00:00,2964.08,2017-06-19 00:00:00+00:00,True
short,2017-06-16 00:00:00+00:00,2459.19,2017-06-23 00:00:00+00:00,True
short,2017-06-24 00:00:00+00:00,2740.77,2017-07-01 00:00:00+00:00,True
short,2017-06-27 00:00:00+00:00,2421.54,2017-07-04 00:00:00+00:00,True
short,2017-07-07 00:00:00+00:00,2610.6,2017-07-14 00:00:00+00:00,True
short,2017-07-17 00:00:00+00:00,1922.72,2017-07-24 00:00:00+00:00,True
short,2017-07-23 00:00:00+00:00,2810.37,2017-07-30 00:00:00+00:00,True
short,2017-08-17 00:00:00+00:00,4374.59,2017-08-24 00:00:00+00:00,True
short,2017-08-22 00:00:00+00:00,4001.47,2017-08-29 00:00:00+00:00,True
short,2017-09-02 00:00:00+00:00,4879.76,2017-09-09 00:00:00+00:00,True
short,2017-09-15 00:00:00+00:00,3153.86,2017-09-22 00:00:00+00:00,True
short,2017-10-22 00:00:00+00:00,6035.445672707,2017-10-29 00:00:00+00:00,True
short,2017-10-25 00:00:00+00:00,5526.928735913,2017-11-01 00:00:00+00:00,True
short,2017-11-09 00:00:00+00:00,7486.64879677,2017-11-16 00:00:00+00:00,True
short,2017-11-13 00:00:00+00:00,5991.383038848,2017-11-20 00:00:00+00:00,True
short,2017-12-08 00:00:00+00:00,18074.175480727,2017-12-15 00:00:00+00:00,True
short,2017-12-17 00:00:00+00:00,19427.474509164,2017-12-24 00:00:00+00:00,True
short,2017-12-23 00:00:00+00:00,13693.825728522,2017-12-30 00:00:00+00:00,True
short,2017-12-31 00:00:00+00:00,12732.356011521,2018-01-07 00:00:00+00:00,True
short,2018-01-07 00:00:00+00:00,17162.016412946,2018-01-14 00:00:00+00:00,True
short,2018-01-29 00:00:00+00:00,11865.231885092,2018-02-05 00:00:00+00:00,True
short,2018-02-06 00:00:00+00:00,6905.959542551,2018-02-13 00:00:00+00:00,True
short,2018-02-21 00:00:00+00:00,11446.215061411,2018-02-28 00:00:00+00:00,True
short,2018-02-26 00:00:00+00:00,9699.647408137,2018-03-05 00:00:00+00:00,True
short,2018-03-06 00:00:00+00:00,11527.568787431,2018-03-13 00:00:00+00:00,True
short,2018-03-18 00:00:00+00:00,7906.383969743,2018-03-25 00:00:00+00:00,True
short,2018-03-22 00:00:00+00:00,8978.018989541,2018-03-29 00:00:00+00:00,True
short,2018-04-07 00:00:00+00:00,6637.296686235,2018-04-14 00:00:00+00:00,True
short,2018-04-25 00:00:00+00:00,9715.110087646,2018-05-02 00:00:00+00:00,True
short,2018-05-06 00:00:00+00:00,9864.060648696,2018-05-13 00:00:00+00:00,True
short,2018-05-29 00:00:00+00:00,7149.250597223,2018-06-05 00:00:00+00:00,True
short,2018-06-04 00:00:00+00:00,7684.931799179,2018-06-11 00:00:00+00:00,True
short,2018-06-14 00:00:00+00:00,6308.396028075,2018-06-21 00:00:00+00:00,True
short,2018-06-21 00:00:00+00:00,6734.137827984,2018-06-28 00:00:00+00:00,True
short,2018-06-29 00:00:00+00:00,5912.435445858,2018-07-06 00:00:00+00:00,True
short,2018-07-08 00:00:00+00:00,6718.701013051,2018-07-15 00:00:00+00:00,True
short,2018-07-13 00:00:00+00:00,6202.44217648,2018-07-20 00:00:00+00:00,True
short,2018-07-25 00:00:00+00:00,8338.940620442998,2018-08-01 00:00:00+00:00,True
short,2018-08-11 00:00:00+00:00,6183.831055963,2018-08-18 00:00:00+00:00,True
short,2018-09-05 00:00:00+00:00,7360.98929488,2018-09-12 00:00:00+00:00,True
short,2018-09-09 00:00:00+00:00,6214.515450407,2018-09-16 00:00:00+00:00,True
short,2018-09-18 00:00:00+00:00,6274.229073713,2018-09-25 00:00:00+00:00,True
short,2018-09-22 00:00:00+00:00,6744.696981129,2018-09-29 00:00:00+00:00,True
short,2018-10-09 00:00:00+00:00,6657.272477736,2018-10-16 00:00:00+00:00,True
short,2018-10-12 00:00:00+00:00,6252.437099217,2018-10-19 00:00:00+00:00,True
short,2018-10-30 00:00:00+00:00,6252.273570761,2018-11-06 00:00:00+00:00,True
short,2018-11-08 00:00:00+00:00,6526.82015405,2018-11-15 00:00:00+00:00,True
short,2018-11-27 00:00:00+00:00,3801.729366908,2018-12-04 00:00:00+00:00,True
short,2018-12-15 00:00:00+00:00,3236.700910153,2018-12-22 00:00:00+00:00,True
short,2018-12-21 00:00:00+00:00,4103.258581528,2018-12-28 00:00:00+00:00,True
short,2018-12-28 00:00:00+00:00,3651.165345688,2019-01-04 00:00:00+00:00,True
short,2019-01-07 00:00:00+00:00,4085.907581678,2019-01-14 00:00:00+00:00,True
short,2019-01-14 00:00:00+00:00,3553.227143057,2019-01-21 00:00:00+00:00,True
short,2019-01-20 00:00:00+00:00,3735.953787486,2019-01-27 00:00:00+00:00,True
short,2019-01-30 00:00:00+00:00,3438.806393391,2019-02-06 00:00:00+00:00,True
short,2019-02-08 00:00:00+00:00,3382.947413684,2019-02-15 00:00:00+00:00,True
short,2019-02-11 00:00:00+00:00,3663.532766717,2019-02-18 00:00:00+00:00,True
short,2019-02-24 00:00:00+00:00,4123.668788587,2019-03-03 00:00:00+00:00,True
short,2019-03-05 00:00:00+00:00,3755.244533692,2019-03-12 00:00:00+00:00,True
short,2019-03-21 00:00:00+00:00,4075.319876766,2019-03-28 00:00:00+00:00,True
short,2019-03-26 00:00:00+00:00,3969.701717355,2019-04-02 00:00:00+00:00,True
short,2019-04-11 00:00:00+00:00,5334.16546243,2019-04-18 00:00:00+00:00,True
short,2019-04-24 00:00:00+00:00,5591.93356269,2019-05-01 00:00:00+00:00,True
short,2019-04-26 00:00:00+00:00,5241.366292456,2019-05-03 00:00:00+00:00,True
short,2019-05-28 00:00:00+00:00,8857.096555518998,2019-06-04 00:00:00+00:00,True
short,2019-06-10 00:00:00+00:00,7750.808728267,2019-06-17 00:00:00+00:00,True
short,2019-06-27 00:00:00+00:00,13112.782536123,2019-07-04 00:00:00+00:00,True
short,2019-07-02 00:00:00+00:00,10638.003271271,2019-07-09 00:00:00+00:00,True
short,2019-07-10 00:00:00+00:00,12545.445221221,2019-07-17 00:00:00+00:00,True
short,2019-07-17 00:00:00+00:00,9499.558669446,2019-07-24 00:00:00+00:00,True
short,2019-07-28 00:00:00+00:00,9464.99772889,2019-08-04 00:00:00+00:00,True
short,2019-08-09 00:00:00+00:00,12019.255358112,2019-08-16 00:00:00+00:00,True
short,2019-08-15 00:00:00+00:00,10010.249937915,2019-08-22 00:00:00+00:00,True
short,2019-08-30 00:00:00+00:00,9493.755389208,2019-09-06 00:00:00+00:00,True
short,2019-09-04 00:00:00+00:00,10603.095462993,2019-09-11 00:00:00+00:00,True
short,2019-09-11 00:00:00+00:00,10132.544804558,2019-09-18 00:00:00+00:00,True
short,2019-10-07 00:00:00+00:00,7876.455217631,2019-10-14 00:00:00+00:00,True
short,2019-10-10 00:00:00+00:00,8572.837276209,2019-10-17 00:00:00+00:00,True
short,2019-10-25 00:00:00+00:00,7440.037915254,2019-11-01 00:00:00+00:00,True
short,2019-10-28 00:00:00+00:00,9544.094411496,2019-11-04 00:00:00+00:00,True
short,2019-11-25 00:00:00+00:00,6932.313157281,2019-12-02 00:00:00+00:00,True
short,2019-11-30 00:00:00+00:00,7740.415549446999,2019-12-07 00:00:00+00:00,True
short,2019-12-18 00:00:00+00:00,6624.129257675,2019-12-25 00:00:00+00:00,True
short,2019-12-23 00:00:00+00:00,7482.961455839,2019-12-30 00:00:00+00:00,True
short,2020-01-03 00:00:00+00:00,6968.274896337,2020-01-10 00:00:00+00:00,True
short,2020-01-19 00:00:00+00:00,8929.544856857,2020-01-26 00:00:00+00:00,True
short,2020-01-26 00:00:00+00:00,8366.208771054,2020-02-02 00:00:00+00:00,True
short,2020-02-05 00:00:00+00:00,9187.070016251,2020-02-12 00:00:00+00:00,True
short,2020-02-13 00:00:00+00:00,10327.554589217,2020-02-20 00:00:00+00:00,True
short,2020-03-07 00:00:00+00:00,9129.266627707,2020-03-14 00:00:00+00:00,True
short,2020-03-13 00:00:00+00:00,4724.392684378,2020-03-20 00:00:00+00:00,True
short,2020-04-09 00:00:00+00:00,7352.328771067999,2020-04-16 00:00:00+00:00,True
short,2020-04-16 00:00:00+00:00,6637.791815543,2020-04-23 00:00:00+00:00,True
short,2020-05-08 00:00:00+00:00,9968.105282228002,2020-05-15 00:00:00+00:00,True
short,2020-05-12 00:00:00+00:00,8593.856494464,2020-05-19 00:00:00+00:00,True
short,2020-05-25 00:00:00+00:00,8791.793685124998,2020-06-01 00:00:00+00:00,True
short,2020-06-02 00:00:00+00:00,10177.770353698,2020-06-09 00:00:00+00:00,True
short,2020-06-11 00:00:00+00:00,9864.561413157,2020-06-18 00:00:00+00:00,True
short,2020-06-12 00:00:00+00:00,9314.378159997,2020-06-19 00:00:00+00:00,True
short,2020-06-23 00:00:00+00:00,9685.845286855,2020-06-30 00:00:00+00:00,True
short,2020-06-28 00:00:00+00:00,9014.22427198,2020-07-05 00:00:00+00:00,True
short,2020-07-09 00:00:00+00:00,9420.350154587,2020-07-16 00:00:00+00:00,True
short,2020-07-17 00:00:00+00:00,9137.239203353,2020-07-24 00:00:00+00:00,True
short,2020-08-02 00:00:00+00:00,11800.389870165,2020-08-09 00:00:00+00:00,True
short,2020-08-18 00:00:00+00:00,12285.936628884,2020-08-25 00:00:00+00:00,True
short,2020-09-02 00:00:00+00:00,11921.754916292,2020-09-09 00:00:00+00:00,True
short,2020-09-09 00:00:00+00:00,10112.206366256,2020-09-16 00:00:00+00:00,True
short,2020-09-20 00:00:00+00:00,11076.850892878,2020-09-27 00:00:00+00:00,True
short,2020-09-24 00:00:00+00:00,10231.051311501,2020-10-01 00:00:00+00:00,True
short,2020-09-30 00:00:00+00:00,10839.962683468,2020-10-07 00:00:00+00:00,True
short,2020-10-04 00:00:00+00:00,10541.32189207,2020-10-11 00:00:00+00:00,True
short,2020-11-27 00:00:00+00:00,17072.810341953,2020-12-04 00:00:00+00:00,True
short,2020-12-01 00:00:00+00:00,19721.874730214,2020-12-08 00:00:00+00:00,True
short,2020-12-12 00:00:00+00:00,18062.118986906,2020-12-19 00:00:00+00:00,True
short,2021-01-09 00:00:00+00:00,40703.290535401,2021-01-16 00:00:00+00:00,True
short,2021-01-13 00:00:00+00:00,33949.396834015,2021-01-20 00:00:00+00:00,True
short,2021-01-28 00:00:00+00:00,30305.343778842,2021-02-04 00:00:00+00:00,True
short,2021-02-22 00:00:00+00:00,57367.946141722,2021-03-01 00:00:00+00:00,True
short,2021-03-01 00:00:00+00:00,44986.744834586,2021-03-08 00:00:00+00:00,True
short,2021-03-14 00:00:00+00:00,61297.997385093,2021-03-21 00:00:00+00:00,True
short,2021-03-26 00:00:00+00:00,51412.192011042,2021-04-02 00:00:00+00:00,True
short,2021-04-03 00:00:00+00:00,58963.327596364,2021-04-10 00:00:00+00:00,True
short,2021-04-08 00:00:00+00:00,56073.471560786,2021-04-15 00:00:00+00:00,True
short,2021-04-14 00:00:00+00:00,63528.48,2021-04-21 00:00:00+00:00,True
short,2021-04-26 00:00:00+00:00,48987.681638512,2021-05-03 00:00:00+00:00,True
short,2021-05-05 00:00:00+00:00,53329.387643742,2021-05-12 00:00:00+00:00,True
short,2021-05-09 00:00:00+00:00,58711.172030754,2021-05-16 00:00:00+00:00,True
short,2021-05-30 00:00:00+00:00,34523.41,2021-06-06 00:00:00+00:00,True
short,2021-06-04 00:00:00+00:00,39152.71,2021-06-11 00:00:00+00:00,True
short,2021-06-09 00:00:00+00:00,33369.1380606844,2021-06-16 00:00:00+00:00,True
short,2021-06-15 00:00:00+00:00,40499.97,2021-06-22 00:00:00+00:00,True
short,2021-06-22 00:00:00+00:00,31606.39,2021-06-29 00:00:00+00:00,True
short,2021-06-30 00:00:00+00:00,35840.3864684777,2021-07-07 00:00:00+00:00,True
short,2021-07-21 00:00:00+00:00,29759.93,2021-07-28 00:00:00+00:00,True
short,2021-08-04 00:00:00+00:00,38255.05,2021-08-11 00:00:00+00:00,True
short,2021-08-24 00:00:00+00:00,49486.4032,2021-08-31 00:00:00+00:00,True
short,2021-08-31 00:00:00+00:00,47020.6765,2021-09-07 00:00:00+00:00,True
short,2021-09-07 00:00:00+00:00,52639.2443,2021-09-14 00:00:00+00:00,True
short,2021-09-11 00:00:00+00:00,44833.0831,2021-09-18 00:00:00+00:00,True
short,2021-09-19 00:00:00+00:00,48210.7774,2021-09-26 00:00:00+00:00,True
short,2021-09-22 00:00:00+00:00,40538.4344,2021-09-29 00:00:00+00:00,True
short,2021-10-21 00:00:00+00:00,65986.3029371861,2021-10-28 00:00:00+00:00,True
short,2021-10-28 00:00:00+00:00,58681.0152,2021-11-04 00:00:00+00:00,True
short,2021-11-06 00:00:00+00:00,61026.017991930494,2021-11-13 00:00:00+00:00,True
short,2021-11-09 00:00:00+00:00,67500.0247355689,2021-11-16 00:00:00+00:00,True
short,2021-11-27 00:00:00+00:00,53663.6015932085,2021-12-04 00:00:00+00:00,True
short,2021-12-18 00:00:00+00:00,46305.327151384896,2021-12-25 00:00:00+00:00,True
short,2021-12-27 00:00:00+00:00,50799.9788606619,2022-01-03 00:00:00+00:00,True
short,2022-01-08 00:00:00+00:00,41512.9242,2022-01-15 00:00:00+00:00,True
short,2022-01-13 00:00:00+00:00,43900.027,2022-01-20 00:00:00+00:00,True
short,2022-01-23 00:00:00+00:00,35015.9346328171,2022-01-30 00:00:00+00:00,True
short,2022-02-16 00:00:00+00:00,44602.5315,2022-02-23 00:00:00+00:00,True
short,2022-02-22 00:00:00+00:00,37003.1535579107,2022-03-01 00:00:00+00:00,True
short,2022-03-02 00:00:00+00:00,44359.8712,2022-03-09 00:00:00+00:00,True
short,2022-03-14 00:00:00+00:00,37824.3515325632,2022-03-21 00:00:00+00:00,True
short,2022-03-30 00:00:00+00:00,47498.665651329,2022-04-06 00:00:00+00:00,True
short,2022-04-12 00:00:00+00:00,39456.9330416916,2022-04-19 00:00:00+00:00,True
short,2022-04-20 00:00:00+00:00,41504.4185,2022-04-27 00:00:00+00:00,True
short,2022-05-19 00:00:00+00:00,28760.1539,2022-05-26 00:00:00+00:00,True
short,2022-05-28 00:00:00+00:00,28606.4744726168,2022-06-04 00:00:00+00:00,True
short,2022-06-01 00:00:00+00:00,31852.83438319,2022-06-08 00:00:00+00:00,True
short,2022-06-19 00:00:00+00:00,19007.5031,2022-06-26 00:00:00+00:00,True
short,2022-06-26 00:00:00+00:00,21499.9710371342,2022-07-03 00:00:00+00:00,True
short,2022-07-03 00:00:00+00:00,19246.509488426895,2022-07-10 00:00:00+00:00,True
short,2022-07-09 00:00:00+00:00,21801.0822054269,2022-07-16 00:00:00+00:00,True
short,2022-07-13 00:00:00+00:00,19313.2607632308,2022-07-20 00:00:00+00:00,True
short,2022-07-20 00:00:00+00:00,23407.3451,2022-07-27 00:00:00+00:00,True
short,2022-07-27 00:00:00+00:00,21206.7152438424,2022-08-03 00:00:00+00:00,True
short,2022-07-29 00:00:00+00:00,23847.0134427356,2022-08-05 00:00:00+00:00,True
short,2022-08-05 00:00:00+00:00,22635.520004406695,2022-08-12 00:00:00+00:00,True
short,2022-08-14 00:00:00+00:00,24427.9731839966,2022-08-21 00:00:00+00:00,True
short,2022-08-29 00:00:00+00:00,19606.7351,2022-09-05 00:00:00+00:00,True
short,2022-09-07 00:00:00+00:00,18812.0610369416,2022-09-14 00:00:00+00:00,True
short,2022-09-13 00:00:00+00:00,22387.9386275266,2022-09-20 00:00:00+00:00,True
short,2022-09-22 00:00:00+00:00,18501.8204944878,2022-09-29 00:00:00+00:00,True
short,2022-10-05 00:00:00+00:00,20339.726,2022-10-12 00:00:00+00:00,True
short,2022-10-12 00:00:00+00:00,19045.5416,2022-10-19 00:00:00+00:00,True
short,2022-10-18 00:00:00+00:00,19558.1117,2022-10-25 00:00:00+00:00,True
short,2022-10-21 00:00:00+00:00,19042.9309,2022-10-28 00:00:00+00:00,True
short,2022-11-06 00:00:00+00:00,21281.5851,2022-11-13 00:00:00+00:00,True
short,2022-11-10 00:00:00+00:00,15789.3424229981,2022-11-17 00:00:00+00:00,True
short,2022-11-22 00:00:00+00:00,15779.9717017499,2022-11-29 00:00:00+00:00,True
short,2022-12-01 00:00:00+00:00,17188.6346796071,2022-12-08 00:00:00+00:00,True
short,2022-12-08 00:00:00+00:00,16838.0474731615,2022-12-15 00:00:00+00:00,True
short,2022-12-15 00:00:00+00:00,17799.1689741759,2022-12-22 00:00:00+00:00,True
short,2022-12-20 00:00:00+00:00,16424.7967132486,2022-12-27 00:00:00+00:00,True
short,2022-12-27 00:00:00+00:00,16908.948430198,2023-01-03 00:00:00+00:00,True
short,2023-01-01 00:00:00+00:00,16538.3479,2023-01-08 00:00:00+00:00,True
short,2023-01-30 00:00:00+00:00,23775.9829,2023-02-06 00:00:00+00:00,True
short,2023-02-11 00:00:00+00:00,21648.2846,2023-02-18 00:00:00+00:00,True
short,2023-02-21 00:00:00+00:00,24797.2219,2023-02-28 00:00:00+00:00,True
short,2023-03-11 00:00:00+00:00,20133.7398235246,2023-03-18 00:00:00+00:00,True
short,2023-03-28 00:00:00+00:00,27157.5701,2023-04-04 00:00:00+00:00,True
short,2023-04-01 00:00:00+00:00,28467.196629273905,2023-04-08 00:00:00+00:00,True
short,2023-04-15 00:00:00+00:00,30478.2924,2023-04-22 00:00:00+00:00,True
short,2023-04-22 00:00:00+00:00,27274.5,2023-04-29 00:00:00+00:00,True
short,2023-04-28 00:00:00+00:00,29467.27,2023-05-05 00:00:00+00:00,True
short,2023-05-06 00:00:00+00:00,29529.67,2023-05-13 00:00:00+00:00,True
short,2023-05-14 00:00:00+00:00,26789.06,2023-05-21 00:00:00+00:00,True
short,2023-05-25 00:00:00+00:00,26336.63,2023-06-01 00:00:00+00:00,True
short,2023-05-29 00:00:00+00:00,28100.31,2023-06-05 00:00:00+00:00,True
short,2023-06-06 00:00:00+00:00,25730.52,2023-06-13 00:00:00+00:00,True
short,2023-06-15 00:00:00+00:00,25119.91,2023-06-22 00:00:00+00:00,True
short,2023-07-04 00:00:00+00:00,31154.04,2023-07-11 00:00:00+00:00,True
short,2023-07-07 00:00:00+00:00,29970.05,2023-07-14 00:00:00+00:00,True
short,2023-07-14 00:00:00+00:00,31446.3,2023-07-21 00:00:00+00:00,True
short,2023-07-25 00:00:00+00:00,29186.08,2023-08-01 00:00:00+00:00,True
short,2023-08-06 00:00:00+00:00,29074.55,2023-08-13 00:00:00+00:00,True
short,2023-08-09 00:00:00+00:00,29766.72,2023-08-16 00:00:00+00:00,True
short,2023-08-30 00:00:00+00:00,27718.23,2023-09-06 00:00:00+00:00,True
short,2023-09-12 00:00:00+00:00,25143.63,2023-09-19 00:00:00+00:00,True
short,2023-09-20 00:00:00+00:00,27211.2,2023-09-27 00:00:00+00:00,True
short,2023-09-27 00:00:00+00:00,26217.38,2023-10-04 00:00:00+00:00,True
short,2023-10-02 00:00:00+00:00,27978.1,2023-10-09 00:00:00+00:00,True
short,2023-10-13 00:00:00+00:00,26738.45,2023-10-20 00:00:00+00:00,True
short,2023-11-16 00:00:00+00:00,37863.66,2023-11-23 00:00:00+00:00,True
short,2023-12-09 00:00:00+00:00,44199.33,2023-12-16 00:00:00+00:00,True
short,2023-12-12 00:00:00+00:00,41221.12,2023-12-19 00:00:00+00:00,True
short,2023-12-23 00:00:00+00:00,43948.89,2023-12-30 00:00:00+00:00,True
short,2023-12-30 00:00:00+00:00,42057.41,2024-01-06 00:00:00+00:00,True
short,2024-01-09 00:00:00+00:00,46900.01,2024-01-16 00:00:00+00:00,True
short,2024-01-23 00:00:00+00:00,39516.98,2024-01-30 00:00:00+00:00,True
short,2024-01-30 00:00:00+00:00,43269.41,2024-02-06 00:00:00+00:00,True
short,2024-02-24 00:00:00+00:00,50830.04,2024-03-02 00:00:00+00:00,True
short,2024-03-14 00:00:00+00:00,73087.94999999998,2024-03-21 00:00:00+00:00,True
short,2024-03-20 00:00:00+00:00,61981.15,2024-03-27 00:00:00+00:00,True
short,2024-04-01 00:00:00+00:00,71216.98,2024-04-08 00:00:00+00:00,True
short,2024-04-03 00:00:00+00:00,65448.35,2024-04-10 00:00:00+00:00,True
short,2024-04-09 00:00:00+00:00,71631.77,2024-04-16 00:00:00+00:00,True
short,2024-04-18 00:00:00+00:00,61309.97,2024-04-25 00:00:00+00:00,True
short,2024-04-23 00:00:00+00:00,66818.89,2024-04-30 00:00:00+00:00,True
short,2024-05-02 00:00:00+00:00,58266.04,2024-05-09 00:00:00+00:00,True
short,2024-05-06 00:00:00+00:00,64040.05,2024-05-13 00:00:00+00:00,True
short,2024-05-12 00:00:00+00:00,60784.24,2024-05-19 00:00:00+00:00,True
short,2024-05-21 00:00:00+00:00,71418.17,2024-05-28 00:00:00+00:00,True
short,2024-06-01 00:00:00+00:00,67576.21,2024-06-08 00:00:00+00:00,True
short,2024-06-06 00:00:00+00:00,71131.93,2024-06-13 00:00:00+00:00,True
short,2024-06-25 00:00:00+00:00,60382.81,2024-07-02 00:00:00+00:00,True
short,2024-07-02 00:00:00+00:00,62889.92,2024-07-09 00:00:00+00:00,True
short,2024-07-08 00:00:00+00:00,55878.38,2024-07-15 00:00:00+00:00,True
short,2024-07-29 00:00:00+00:00,68234.91,2024-08-05 00:00:00+00:00,True
short,2024-08-06 00:00:00+00:00,54006.0,2024-08-13 00:00:00+00:00,True
short,2024-08-16 00:00:00+00:00,57600.0,2024-08-23 00:00:00+00:00,True
short,2024-08-26 00:00:00+00:00,64279.03,2024-09-02 00:00:00+00:00,True
short,2024-09-07 00:00:00+00:00,53922.68,2024-09-14 00:00:00+00:00,True
short,2024-09-29 00:00:00+00:00,65923.99,2024-10-06 00:00:00+00:00,True
short,2024-10-11 00:00:00+00:00,60260.02,2024-10-18 00:00:00+00:00,True
short,2024-10-21 00:00:00+00:00,68987.76,2024-10-28 00:00:00+00:00,True
short,2024-10-26 00:00:00+00:00,66637.8,2024-11-02 00:00:00+00:00,True
short,2024-10-30 00:00:00+00:00,72782.82,2024-11-06 00:00:00+00:00,True
short,2024-11-05 00:00:00+00:00,67792.92,2024-11-12 00:00:00+00:00,True
short,2024-11-23 00:00:00+00:00,98851.49,2024-11-30 00:00:00+00:00,True
short,2024-11-27 00:00:00+00:00,91993.22,2024-12-04 00:00:00+00:00,True
short,2024-12-18 00:00:00+00:00,106052.0,2024-12-25 00:00:00+00:00,True
short,2024-12-31 00:00:00+00:00,92811.03000000001,2025-01-07 00:00:00+00:00,True
short,2025-01-07 00:00:00+00:00,102222.0,2025-01-14 00:00:00+00:00,True
short,2025-01-10 00:00:00+00:00,92406.11,2025-01-17 00:00:00+00:00,True
short,2025-01-22 00:00:00+00:00,106198.0,2025-01-29 00:00:00+00:00,True
short,2025-02-13 00:00:00+00:00,97799.93,2025-02-20 00:00:00+00:00,True
short,2025-02-21 00:00:00+00:00,98386.99,2025-02-28 00:00:00+00:00,True
short,2025-02-27 00:00:00+00:00,84000.0,2025-03-06 00:00:00+00:00,True
short,2025-03-11 00:00:00+00:00,78794.69,2025-03-18 00:00:00+00:00,True
short,2025-03-26 00:00:00+00:00,87483.06,2025-04-02 00:00:00+00:00,True
short,2025-04-09 00:00:00+00:00,76379.96,2025-04-16 00:00:00+00:00,True
short,2025-04-13 00:00:00+00:00,85288.46,2025-04-20 00:00:00+00:00,True
short,2025-05-11 00:00:00+00:00,104739.0,2025-05-18 00:00:00+00:00,True
short,2025-05-23 00:00:00+00:00,111666.0,2025-05-30 00:00:00+00:00,True
short,2025-06-06 00:00:00+00:00,101594.0,2025-06-13 00:00:00+00:00,True
short,2025-06-11 00:00:00+00:00,110229.0,2025-06-18 00:00:00+00:00,True
short,2025-06-23 00:00:00+00:00,100827.0,2025-06-30 00:00:00+00:00,True
intermediate,2010-09-18 00:00:00+00:00,0.0589999999999999,2010-10-18 00:00:00+00:00,True
intermediate,2010-11-07 00:00:00+00:00,0.39,2010-12-07 00:00:00+00:00,True
intermediate,2010-12-06 00:00:00+00:00,0.19,2011-01-05 00:00:00+00:00,True
intermediate,2011-02-10 00:00:00+00:00,1.09,2011-03-12 00:00:00+00:00,True
intermediate,2011-04-05 00:00:00+00:00,0.68,2011-05-05 00:00:00+00:00,True
intermediate,2011-06-09 00:00:00+00:00,29.6,2011-07-09 00:00:00+00:00,True
intermediate,2011-08-07 00:00:00+00:00,6.55,2011-09-06 00:00:00+00:00,True
intermediate,2011-11-19 00:00:00+00:00,2.05,2011-12-19 00:00:00+00:00,True
intermediate,2012-01-09 00:00:00+00:00,7.1136,2012-02-08 00:00:00+00:00,True
intermediate,2012-02-19 00:00:00+00:00,4.222,2012-03-20 00:00:00+00:00,True
intermediate,2012-03-15 00:00:00+00:00,5.38,2012-04-14 00:00:00+00:00,True
intermediate,2012-03-26 00:00:00+00:00,4.55,2012-04-25 00:00:00+00:00,True
intermediate,2012-04-21 00:00:00+00:00,5.35,2012-05-21 00:00:00+00:00,True
intermediate,2012-08-17 00:00:00+00:00,13.5,2012-09-16 00:00:00+00:00,True
intermediate,2012-08-20 00:00:00+00:00,8.0,2012-09-19 00:00:00+00:00,True
intermediate,2012-10-04 00:00:00+00:00,12.89,2012-11-03 00:00:00+00:00,True
intermediate,2012-10-27 00:00:00+00:00,10.1706,2012-11-26 00:00:00+00:00,True
intermediate,2013-04-10 00:00:00+00:00,230.0,2013-05-10 00:00:00+00:00,True
intermediate,2013-07-06 00:00:00+00:00,68.431,2013-08-05 00:00:00+00:00,True
intermediate,2013-09-02 00:00:00+00:00,138.34,2013-10-02 00:00:00+00:00,True
intermediate,2013-10-03 00:00:00+00:00,114.13,2013-11-02 00:00:00+00:00,True
intermediate,2013-12-05 00:00:00+00:00,1151.17,2014-01-04 00:00:00+00:00,True
intermediate,2013-12-19 00:00:00+00:00,522.7,2014-01-18 00:00:00+00:00,True
intermediate,2014-04-11 00:00:00+00:00,365.176,2014-05-11 00:00:00+00:00,True
intermediate,2014-06-04 00:00:00+00:00,667.605,2014-07-04 00:00:00+00:00,True
intermediate,2014-06-26 00:00:00+00:00,566.336,2014-07-26 00:00:00+00:00,True
intermediate,2014-10-06 00:00:00+00:00,321.77,2014-11-05 00:00:00+00:00,True
intermediate,2014-11-13 00:00:00+00:00,421.391,2014-12-13 00:00:00+00:00,True
intermediate,2015-01-15 00:00:00+00:00,178.795,2015-02-14 00:00:00+00:00,True
intermediate,2015-03-12 00:00:00+00:00,296.468,2015-04-11 00:00:00+00:00,True
intermediate,2015-04-15 00:00:00+00:00,219.163,2015-05-15 00:00:00+00:00,True
intermediate,2015-06-02 00:00:00+00:00,222.926,2015-07-02 00:00:00+00:00,True
intermediate,2015-07-13 00:00:00+00:00,311.024,2015-08-12 00:00:00+00:00,True
intermediate,2015-08-25 00:00:00+00:00,211.394,2015-09-24 00:00:00+00:00,True
intermediate,2015-11-05 00:00:00+00:00,408.892,2015-12-05 00:00:00+00:00,True
intermediate,2015-12-16 00:00:00+00:00,464.106,2016-01-15 00:00:00+00:00,True
intermediate,2016-01-16 00:00:00+00:00,365.662,2016-02-15 00:00:00+00:00,True
intermediate,2016-02-22 00:00:00+00:00,438.674,2016-03-23 00:00:00+00:00,True
intermediate,2016-04-27 00:00:00+00:00,466.176,2016-05-27 00:00:00+00:00,True
intermediate,2016-05-23 00:00:00+00:00,439.442,2016-06-22 00:00:00+00:00,True
intermediate,2016-06-17 00:00:00+00:00,766.15,2016-07-17 00:00:00+00:00,True
intermediate,2016-08-03 00:00:00+00:00,543.942,2016-09-02 00:00:00+00:00,True
intermediate,2016-09-09 00:00:00+00:00,626.433,2016-10-09 00:00:00+00:00,True
intermediate,2017-01-05 00:00:00+00:00,1153.54,2017-02-04 00:00:00+00:00,True
intermediate,2017-03-04 00:00:00+00:00,1275.14,2017-04-03 00:00:00+00:00,True
intermediate,2017-03-25 00:00:00+00:00,935.192,2017-04-24 00:00:00+00:00,True
intermediate,2017-06-12 00:00:00+00:00,2964.08,2017-07-12 00:00:00+00:00,True
intermediate,2017-07-17 00:00:00+00:00,1922.72,2017-08-16 00:00:00+00:00,True
intermediate,2017-09-02 00:00:00+00:00,4879.76,2017-10-02 00:00:00+00:00,True
intermediate,2017-09-15 00:00:00+00:00,3153.86,2017-10-15 00:00:00+00:00,True
intermediate,2017-12-17 00:00:00+00:00,19427.474509164,2018-01-16 00:00:00+00:00,True
intermediate,2018-02-06 00:00:00+00:00,6905.959542551,2018-03-08 00:00:00+00:00,True
intermediate,2018-03-06 00:00:00+00:00,11527.568787431,2018-04-05 00:00:00+00:00,True
intermediate,2018-04-07 00:00:00+00:00,6637.296686235,2018-05-07 00:00:00+00:00,True
intermediate,2018-05-06 00:00:00+00:00,9864.060648696,2018-06-05 00:00:00+00:00,True
intermediate,2018-06-29 00:00:00+00:00,5912.435445858,2018-07-29 00:00:00+00:00,True
intermediate,2018-07-25 00:00:00+00:00,8338.940620442998,2018-08-24 00:00:00+00:00,True
intermediate,2018-08-11 00:00:00+00:00,6183.831055963,2018-09-10 00:00:00+00:00,True
intermediate,2018-09-05 00:00:00+00:00,7360.98929488,2018-10-05 00:00:00+00:00,True
intermediate,2018-12-15 00:00:00+00:00,3236.700910153,2019-01-14 00:00:00+00:00,True
intermediate,2019-02-08 00:00:00+00:00,3382.947413684,2019-03-10 00:00:00+00:00,True
intermediate,2019-02-24 00:00:00+00:00,4123.668788587,2019-03-26 00:00:00+00:00,True
intermediate,2019-06-27 00:00:00+00:00,13112.782536123,2019-07-27 00:00:00+00:00,True
intermediate,2019-07-28 00:00:00+00:00,9464.99772889,2019-08-27 00:00:00+00:00,True
intermediate,2019-10-28 00:00:00+00:00,9544.094411496,2019-11-27 00:00:00+00:00,True
intermediate,2019-12-18 00:00:00+00:00,6624.129257675,2020-01-17 00:00:00+00:00,True
intermediate,2020-02-13 00:00:00+00:00,10327.554589217,2020-03-14 00:00:00+00:00,True
intermediate,2020-03-13 00:00:00+00:00,4724.392684378,2020-04-12 00:00:00+00:00,True
intermediate,2020-06-02 00:00:00+00:00,10177.770353698,2020-07-02 00:00:00+00:00,True
intermediate,2020-06-28 00:00:00+00:00,9014.22427198,2020-07-28 00:00:00+00:00,True
intermediate,2020-08-18 00:00:00+00:00,12285.936628884,2020-09-17 00:00:00+00:00,True
intermediate,2020-09-09 00:00:00+00:00,10112.206366256,2020-10-09 00:00:00+00:00,True
intermediate,2021-01-09 00:00:00+00:00,40703.290535401,2021-02-08 00:00:00+00:00,True
intermediate,2021-03-14 00:00:00+00:00,61297.997385093,2021-04-13 00:00:00+00:00,True
intermediate,2021-04-14 00:00:00+00:00,63528.48,2021-05-14 00:00:00+00:00,True
intermediate,2021-07-21 00:00:00+00:00,29759.93,2021-08-20 00:00:00+00:00,True
intermediate,2021-09-22 00:00:00+00:00,40538.4344,2021-10-22 00:00:00+00:00,True
intermediate,2021-11-09 00:00:00+00:00,67500.0247355689,2021-12-09 00:00:00+00:00,True
intermediate,2022-01-23 00:00:00+00:00,35015.9346328171,2022-02-22 00:00:00+00:00,True
intermediate,2022-02-16 00:00:00+00:00,44602.5315,2022-03-18 00:00:00+00:00,True
intermediate,2022-03-30 00:00:00+00:00,47498.665651329,2022-04-29 00:00:00+00:00,True
intermediate,2022-06-19 00:00:00+00:00,19007.5031,2022-07-19 00:00:00+00:00,True
intermediate,2022-08-14 00:00:00+00:00,24427.9731839966,2022-09-13 00:00:00+00:00,True
intermediate,2022-09-22 00:00:00+00:00,18501.8204944878,2022-10-22 00:00:00+00:00,True
intermediate,2022-11-06 00:00:00+00:00,21281.5851,2022-12-06 00:00:00+00:00,True
intermediate,2022-11-22 00:00:00+00:00,15779.9717017499,2022-12-22 00:00:00+00:00,True
intermediate,2023-03-11 00:00:00+00:00,20133.7398235246,2023-04-10 00:00:00+00:00,True
intermediate,2023-04-15 00:00:00+00:00,30478.2924,2023-05-15 00:00:00+00:00,True
intermediate,2023-06-15 00:00:00+00:00,25119.91,2023-07-15 00:00:00+00:00,True
intermediate,2023-07-14 00:00:00+00:00,31446.3,2023-08-13 00:00:00+00:00,True
intermediate,2023-09-12 00:00:00+00:00,25143.63,2023-10-12 00:00:00+00:00,True
intermediate,2024-01-09 00:00:00+00:00,46900.01,2024-02-08 00:00:00+00:00,True
intermediate,2024-01-23 00:00:00+00:00,39516.98,2024-02-22 00:00:00+00:00,True
intermediate,2024-03-14 00:00:00+00:00,73087.94999999998,2024-04-13 00:00:00+00:00,True
intermediate,2024-05-02 00:00:00+00:00,58266.04,2024-06-01 00:00:00+00:00,True
intermediate,2024-05-21 00:00:00+00:00,71418.17,2024-06-20 00:00:00+00:00,True
intermediate,2024-07-29 00:00:00+00:00,68234.91,2024-08-28 00:00:00+00:00,True
intermediate,2024-08-06 00:00:00+00:00,54006.0,2024-09-05 00:00:00+00:00,True
intermediate,2024-09-07 00:00:00+00:00,53922.68,2024-10-07 00:00:00+00:00,True
intermediate,2024-12-18 00:00:00+00:00,106052.0,2025-01-17 00:00:00+00:00,True
intermediate,2025-01-10 00:00:00+00:00,92406.11,2025-02-09 00:00:00+00:00,True
intermediate,2025-01-22 00:00:00+00:00,106198.0,2025-02-21 00:00:00+00:00,True
intermediate,2025-04-09 00:00:00+00:00,76379.96,2025-05-09 00:00:00+00:00,True
intermediate,2025-05-23 00:00:00+00:00,111666.0,2025-06-22 00:00:00+00:00,True
long,2011-06-09 00:00:00+00:00,29.6,2011-12-06 00:00:00+00:00,True
long,2011-11-19 00:00:00+00:00,2.05,2012-05-17 00:00:00+00:00,True
long,2013-04-10 00:00:00+00:00,230.0,2013-10-07 00:00:00+00:00,True
long,2013-12-05 00:00:00+00:00,1151.17,2014-06-03 00:00:00+00:00,True
long,2015-01-15 00:00:00+00:00,178.795,2015-07-14 00:00:00+00:00,True
long,2015-08-25 00:00:00+00:00,211.394,2016-02-21 00:00:00+00:00,True
long,2017-12-17 00:00:00+00:00,19427.474509164,2018-06-15 00:00:00+00:00,True
long,2018-12-15 00:00:00+00:00,3236.700910153,2019-06-13 00:00:00+00:00,True
long,2019-06-27 00:00:00+00:00,13112.782536123,2019-12-24 00:00:00+00:00,True
long,2020-03-13 00:00:00+00:00,4724.392684378,2020-09-09 00:00:00+00:00,True
long,2021-04-14 00:00:00+00:00,63528.48,2021-10-11 00:00:00+00:00,True
long,2021-07-21 00:00:00+00:00,29759.93,2022-01-17 00:00:00+00:00,True
long,2021-11-09 00:00:00+00:00,67500.0247355689,2022-05-08 00:00:00+00:00,True
long,2022-11-22 00:00:00+00:00,15779.9717017499,2023-05-21 00:00:00+00:00,True
long,2024-03-14 00:00:00+00:00,73087.94999999998,2024-09-10 00:00:00+00:00,True
long,2024-09-07 00:00:00+00:00,53922.68,2025-03-06 00:00:00+00:00,True
