11-01-2024 05:57:21 CST,Capricorn 20.41°,333,05-02-2024 12:29:42 CST,Sagittarius 19.53°
09-02-2024 16:59:07 CST,Aquarius 20.35°,333,05-03-2024 23:31:27 CST,Capricorn 18.25°
10-03-2024 03:00:23 CST,Pisces 19.94°,333,04-04-2024 09:32:43 CST,Aquarius 17.70°
08-04-2024 12:20:48 CST,Aries 19.06°,333,03-05-2024 18:53:08 CST,Pisces 17.65°
07-05-2024 21:21:52 CST,Taurus 17.70°,333,02-06-2024 03:54:13 CST,Aries 17.74°
06-06-2024 06:37:40 CST,Gemini 15.96°,333,01-07-2024 13:10:01 CST,Taurus 17.76°
05-07-2024 16:57:19 CST,Cancer 14.05°,333,30-07-2024 23:29:40 CST,Gemini 17.63°
04-08-2024 05:12:58 CST,Leo 12.22°,333,29-08-2024 11:45:19 CST,Cancer 17.36°
02-09-2024 19:55:30 CST,Virgo 10.73°,333,28-09-2024 02:27:51 CST,Leo 16.95°
02-10-2024 12:49:13 CST,Libra 9.72°,333,27-10-2024 19:21:33 CST,Virgo 16.32°
01-11-2024 06:47:06 CST,Scorpio 9.24°,333,26-11-2024 13:19:26 CST,Libra 15.35°
01-12-2024 00:21:22 CST,Sagittarius 9.20°,333,26-12-2024 06:53:43 CST,Scorpio 13.98°
30-12-2024 16:26:44 CST,Capricorn 9.38°,333,24-01-2025 22:59:04 CST,Sagittarius 12.27°
